{
  "single_items": [
    {
      "id": "item_1",
      "name": "激光针清 / 湿敷舒敏 / 红蓝光",
      "description": "用于轻度痘肌问题，消炎去红，针清采用激光开口，更卫生",
      "price_single": 99,
      "price_triple": 199
    },
    {
      "id": "item_2",
      "name": "博乐达水杨酸 面部",
      "description": "水杨酸通过抑制皮脂分泌、松解角质及抗炎作用调节痤疮发生发展的主要环节，促进已有皮损的消退，减少新发皮疹，并且可以通过色素调控作用减少色沉发生，并促进堆积色素颗粒代谢，还可调控成纤维细胞调节胶原的重塑，改善肤质。",
      "price_single": 680,
      "price_triple": 1680
    },
    {
      "id": "item_3",
      "name": "小针刀剥离",
      "description": "很多严重痘坑，真皮层以及和皮下组织形成粘连，单纯通过胶原再生不能很好的起到效果，所以需要通过独特的技术对真皮进行剥离，降低皮下组织的粘连，加速痘坑问题的治疗。",
      "price_single": 980,
      "price_triple": 2580
    },
    {
      "id": "item_4",
      "name": "1565非剥脱点阵",
      "description": "1565非剥脱点阵：1565nm波长激光，聚焦于真皮中上层（约0.8mm），能量分布更集中，适合浅中层痘坑、毛孔粗大、细纹及轻中度痤疮疤痕",
      "price_single": 980,
      "price_triple": 2580
    },
    {
      "id": "item_5",
      "name": "1550 非剥脱点阵激光",
      "description": "1550非剥脱点阵，相较于1565激光，对水的吸收率稍低，穿透较深，适合改善中深层痘坑、萎缩性瘢痕（如滚轮型、厢车型痘坑），对严重痘坑的胶原重塑效果更强，尤其适合亚洲人较厚的真皮层",
      "price_single": 1280,
      "price_triple": 2980
    },
    {
      "id": "item_6",
      "name": "二氧化碳点阵激光",
      "description": "二氧化碳点阵： 对医生技术要求极高的项目，光作用于皮肤时，迅速将光能转化为热能，在皮肤表皮形成有序的汽化小孔，激光束穿透至真皮层，启动皮肤的损伤修复机制，有效刺激新的胶原纤维合成及胶原重塑、促进表皮再生，从而达到修复和改善皮肤的效果，使皮肤紧致细腻富有弹性。用于痘坑的治疗",
      "price_single": 1280,
      "price_triple": 2980
    },
    {
      "id": "item_7",
      "name": "三明治祛痘嫩肤",
      "description": " 微痛，但是效果特别好，需要配合终点反应多层促渗  祛痘抗炎 ，水杨酸还可以通过促进角质层的脱落，有助于提高其他护肤品中活性成分的渗透和吸收。",
      "price_single": 1380,
      "price_triple": 2980
    },
    {
      "id": "item_8",
      "name": "黄金微针4.0-病症（绝缘/非绝缘）",
      "description": "射频微针穿刺至真皮层后，射频能量直接加热皮脂腺组织（温度可达50-60℃），抑制皮脂腺细胞活性，减少油脂分泌，从根源上降低痤疮复发风险。高温可杀灭部分痤疮丙酸杆菌，同时油脂减少削弱细菌繁殖环境。\n射频热能刺激真皮层胶原蛋白收缩（即刻紧致效果）并激活成纤维细胞，持续促进胶原和弹性纤维新生，逐步填充凹陷性痘坑",
      "price_single": 1680,
      "price_triple": 4580
    }
  ],
  "packages": [
    {
      "id": "痘清清_A",
      "name": "痘清清 A",
      "items": "1565点阵  / 1550点阵*1次 + 博乐达超分子水杨酸 *1次",
      "description": "深浅层的结合，通过光热杀菌以及促进身体修复的作用和水杨酸的消炎控油作用，综合改善痘肌问题。1次有明显效果，建议3次疗程治疗",
      "price_single": 980,
      "price_triple": 2580
    },
    {
      "id": "痘清清_B",
      "name": "痘清清 B",
      "items": "芬生源208抗痘再生瓶 + 水杨博乐达超分子水杨酸 \n+ OPT光子 /1565 / CO2点阵激光 *1次",
      "description": "可以单次进行完3项治疗，微针可以将 抗炎抑菌成分导入皮下，同时 激光可以促进胶原再生于组织修复，水杨酸也有祛痘抗炎效果，三种有效治疗结合，起到祛痘控油的总和效果",
      "price_single": 1280,
      "price_triple": 2980
    },
    {
      "id": "痘清清_C",
      "name": "痘清清 C",
      "items": "博乐达超分子水杨酸*1次 + 黄金超光子/1565/CO2  1次   \n+ 伊肤泉战痘套组/芬生源祛痘套组* 1次+ LED  / 湿敷 /  针清   1 次",
      "description": "和上一组原理相同，不同的事伊肤泉战痘套组是一个祛痘套组，包含抗炎抑菌成分与组织修复成分，在治疗痘肌的同时可以促进组织恢复更为高效",
      "price_single": 2580,
      "price_triple": 5980
    },
    {
      "id": "毛孔痘坑卡1.0",
      "name": "毛孔痘坑卡1.0",
      "items": "剥脱点阵激光 + 博乐达超分子水杨酸 + 小针刀剥离 + 针清/照光 ",
      "description": "二氧化碳剥脱点阵，磨削表皮组织同时刺激深层胶原再生，改善凹陷性痘坑。小针刀可以通过玻璃来改善一些黏连的组织，让皮肤更快恢复平整",
      "price_single": 2580,
      "price_triple": 5980
    },
    {
      "id": "毛孔痘坑卡3.0",
      "name": "毛孔痘坑卡3.0",
      "items": "黄金微针（非绝缘）1 + CO2点阵激光 *1 + 伊肤泉战痘套组/芬生源祛痘套组* 1次+ 博乐达超分子水杨酸 * 2 + 小针刀剥离2次 + 针清/照光 6次",
      "description": "综合套餐方案，医生全方案定制，结合多种针对痘肌问题，严重的痘坑问题可以选择这一项",
      "price_single": 3980,
      "price_triple": 8800
    }
  ]
}